{
    "sistemas": 
    [
        {
            "sistema": "ERP SAP S/4 HANA",
            "modulos": 
            [
                {
                    "sigla": "BS",
                    "descricao": "Bases Security",
                    "processos":
                    [
                        "Controle de Acesso"
                    ]
                },
                {
                    "sigla": "PM",
                    "descricao": "Gerenciamento de Manutenção",
                    "processos":
                    [
                        "Gerenciamento de Local Instalação e Equipamento",
                        "Manutenção Preventiva e Não Planejada"
                    ]
                },
                    
                {
                    "sigla": "QM",
                    "descricao": "Gerenciamento da Qualidade",
                    "processos":
                    [
                        "Cadastros de Qualidade",
                        "Amostragem",
                        "Geração de Lote de Controle",
                        "Entrada de Resultado e Decisão de Utilização",
                        "Registro Info QM"
                    ]

                },
                {
                    "sigla": "PP",
                    "descricao": "Planejamento de Produção",
                    "processos":
                    [
                        "Gerenciamento de Lista Técnica",
                        "Gerenciamento de Receita Mestre",
                        "Ordem de Processo",
                        "Ordem de Processo Somatropina"
                    ]
                },
                {
                    "sigla": "MM",
                    "descricao": "Administração de Materiais",
                    "processos":
                    [
                        "Cadastro de Materiais",
                        "Cadastro de Parceiro de Negócios",
                        "Reserva para Centro de Custo, Projeto e Ordem",
                        "Requisição de Compra e Pedido de Compra",
                        "Recebimento Fiscal",
                        "Subcontratação  PP",
                        "Subcontratação  MM",
                        "Relatórios de Produtos Controlados"

                    ]
                },
                {
                    "sigla": "SD",
                    "descricao": "Vendas e Distribuição",
                    "processos":
                    [
                        "Vendas, Faturamento e Rastreabilidade",
                        "Devoluções"
                    ]
                },
                {
                    "sigla": "EWM",
                    "descricao": "Gestão de Armazém Avançada",
                    "processos":
                    [
                        "Cadastros de Armazenamento",
                        "Recebimento Físico",
                        "Localização de Materiais e Transferências",
                        "Atendimento e Separação de Materiais",
                        "Abastecimento de Cativa e Área Fracionada",
                        "Separação de Ordem de Venda (Expedição)",
                        "Transferências entre Centros",
                        "Inventários"
                    ]
                },
                {
                    "sigla": "Integração SAP x Oransys",
                    "descricao": "Integração SAP x Oransys",
                    "processos":
                    [
                        "Integração SAP x Oransys"
                    ]
                },
                {
                    "sigla": "Integração SAP x GoSat",
                    "descricao": "Integração SAP x GoSat",
                    "processos":
                    [
                        "Integração SAP x GoSat"
                    ]
                },
                {
                    "sigla": "Integração SAP x Velox",
                    "descricao": "Integração SAP x Velox",
                    "processos":
                    [
                        "Integração SAP x Velox"
                    ]
                }
            ]
        },

        {
            "sistema": "GOSAT",
            "modulos":
            [
                {
                    "sigla": "Recall",
                    "descricao": "Recall",
                    "processos":
                    [
                        "Recall"
                    ]
                }
            ]




        }
    ]

}